1A,2A,3A,4A,5A,1B,2B,3B,4B,5B,6B,7B,1C,2C,3C,4C,E,F,G,Vector Ctrl,Target-
17.5720256,9.56668727,3.11886239,2.35635273,49.5647052,3.53097661,3.35665584,3.16347702,3.09412948,3.41747483,8.51164405,3.74237808,27.5247157,25.8560584,3.09782553,3.33168491,2.80041623,3.02787368,74.1515595,2.77147865,0.59
16.1221369,7.27222854,2.57961006,1.82193039,55.0461411,1.9442582,1.59269165,1.66039342,2.07590674,1.72341095,6.41819491,2.59156782,31.7400358,28.8375885,1.92247644,1.99283416,1.51283823,1.69198519,84.3065667,1.50369607,0.34
12.6031263,8.47147216,2.91682539,2.48304365,45.4744994,2.54090736,2.17406438,2.36771264,2.29065337,2.26397735,5.61666256,2.9525817,31.4012693,26.3109456,2.39020147,2.3728194,2.11307055,2.57870036,81.7932161,2.06274968,0.83