1A,2A,3A,4A,5A,1B,2B,3B,4B,5B,6B,7B,1C,2C,3C,4C,E,F,G,Vector Ctrl,Target-
44.6730354,31.3704435,1.25524998,1.83202867,72.3965894,0.97638969,0.94552072,1.06074357,0.96255692,0.83322473,17.1382422,6.37539605,61.5176857,53.9840744,0.86897234,0.85025446,0.68692325,0.96634583,82.5246234,0.65192978,0.32
45.7309545,32.8837751,2.5901154,1.23653512,75.4676857,0.50534365,0.60376407,0.41726831,0.7060476,0.3446948,17.7100665,5.44121541,64.9980927,57.9374835,0.25978385,0.56088798,0.38660414,0.4881341,83.761097,0.38882129,0.85
41.0896743,31.9266825,1.27990381,1.00205733,70.6113405,1.58733958,1.36455748,1.47589916,1.17050864,1.42405973,12.8497826,4.48369044,66.0234855,55.3050916,1.26249482,1.02827245,1.20943882,1.31214597,85.069267,0.89969228,0.93