FLAG,3D12
3.22640356,6.23740643
0.53641242,1.1778828
0.20243018,0.75128506
0.54639226,1.53076662
2.2135094,4.90865706
9.1032312,17.7076728
8.02760122,16.4967118
2.96942262,8.93489975
9.35122631,19.0899141
0.63534598,1.37561052
0.81679754,1.49597988
0.84778447,1.62552694
0.92959329,1.66874102
0.80672272,1.51673114
9.63603586,19.6303167
1.14721894,2.29457254
1.10659998,2.25941398
7.1512885,14.3133284
8.58705706,17.072198